{"cameraMode":{"drawMode":0,"name":"Shaded","section":"Shading Mode"},"sceneLighting":false,"audioPlay":false,"sceneViewState":{"m_AlwaysRefresh":false,"showFog":true,"showSkybox":true,"showFlares":true,"showImageEffects":true,"showParticleSystems":true,"showVisualEffectGraphs":true,"m_FxEnabled":true},"in2DMode":false,"pivot":{"x":-0.29159167408943179,"y":0.6780294179916382,"z":2.268294095993042},"rotation":{"x":-0.004217362031340599,"y":0.9104502201080322,"z":-0.4134919345378876,"w":-0.009286032989621163},"size":4.948906898498535,"orthographic":false}